{
  "skaga": {
    "sounds": [
      "music/skaga"
    ]
  },
  "greenlands": {
    "sounds": [
      "music/greenlands"
    ]
  },
  "leavingforvalhalla": {
    "sounds": [
      "music/leavingforvalhalla"
    ]
  },
  "forestwalk": {
    "sounds": [
      "music/forestwalk"
    ]
  },
  "nowweride": {
    "sounds": [
      "music/nowweride"
    ]
  },
  "villageambience": {
    "sounds": [
      "music/villageambience"
    ]
  },
  "adventure": {
    "sounds": [
      "music/adventure"
    ]
  },
  "entertainment": {
    "sounds": [
      "music/entertainment"
    ]
  },
  "traveler": {
    "sounds": [
      "music/traveler"
    ]
  },
  "legend": {
    "sounds": [
      "music/legend"
    ]
  },
  "forestflute": {
    "sounds": [
      "music/forestflute"
    ]
  },
  "thegael": {
    "sounds": [
      "music/thegael"
    ]
  },
  "nomadicdawn": {
    "sounds": [
      "music/nomadicdawn"
    ]
  },
  "snowfall": {
    "sounds": [
      "music/snowfall"
    ]
  },
  "interstellar": {
    "sounds": [
      "music/interstellar"
    ]
  },
  "theway": {
    "sounds": [
      "music/theway"
    ]
  },
  "deathbed": {
    "sounds": [
      "music/deathbed"
    ]
  },
  "gangstarparadise": {
    "sounds": [
      "music/gangstarparadise"
    ]
  },
  "songofstorms": {
    "sounds": [
      "music/songofstorms"
    ]
  },
  "breathofthewild": {
    "sounds": [
      "music/breathofthewild"
    ]
  },
  "thegreatest": {
    "sounds": [
      "music/thegreatest"
    ]
  },
  "loveneverfeltsogood": {
    "sounds": [
      "music/loveneverfeltsogood"
    ]
  },
  "justthetwoofus": {
    "sounds": [
      "music/justthetwoofus"
    ]
  },
  "verbatim": {
    "sounds": [
      "music/verbatim"
    ]
  }
}